{"f1-score-without-imbalance": 0.5934897804693414, "accuracy-without-imbalance": 0.8655146506386175, "f1-score-with-class-weights": 0.5906040268456376, "accuracy-with-class-weights": 0.8625093914350113, "f1-score-with-SMOTE": 0.6089872568745808, "accuracy-with-SMOTE": 0.8539944903581267}