fpr,tpr
0.0,0.0
0.06985525487728131,0.5570552147239264
1.0,1.0
