fpr,tpr
0.0,0.0
0.07294286740927057,0.5455820476858345
1.0,1.0
